<?xml version="1.0" encoding="UTF-8"?>
<project-private xmlns="http://www.netbeans.org/ns/project-private/1">
    <editor-bookmarks xmlns="http://www.netbeans.org/ns/editor-bookmarks/2" lastBookmarkId="0"/>
    <open-files xmlns="http://www.netbeans.org/ns/projectui-open-files/2">
        <group>
            <file>file:/Users/shaqianqian/NetBeansProjects/PJB_SHA_MA/twitter_ma_sha/twitter_annonce.csv</file>
            <file>file:/Users/shaqianqian/NetBeansProjects/PJB_SHA_MA/twitter_ma_sha/contenus_apres_temps.csv</file>
            <file>file:/Users/shaqianqian/NetBeansProjects/PJB_SHA_MA/twitter_ma_sha/src/twitter_ma_sha/emojiRange.java</file>
            <file>file:/Users/shaqianqian/NetBeansProjects/PJB_SHA_MA/twitter_ma_sha/src/twitter_ma_sha/file_twitter.java</file>
            <file>file:/Users/shaqianqian/NetBeansProjects/PJB_SHA_MA/twitter_ma_sha/src/twitter_ma_sha/emoji.java</file>
            <file>file:/Users/shaqianqian/NetBeansProjects/PJB_SHA_MA/twitter_ma_sha/src/twitter_ma_sha/id_direction.java</file>
            <file>file:/Users/shaqianqian/NetBeansProjects/PJB_SHA_MA/twitter_ma_sha/src/twitter_ma_sha/filter_contenu.java</file>
            <file>file:/Users/shaqianqian/NetBeansProjects/PJB_SHA_MA/twitter_ma_sha/src/twitter_ma_sha/Knn.java</file>
            <file>file:/Users/shaqianqian/NetBeansProjects/PJB_SHA_MA/twitter_ma_sha/tweets.txt</file>
        </group>
    </open-files>
</project-private>
