<?xml version="1.0" encoding="UTF-8"?>
<project-private xmlns="http://www.netbeans.org/ns/project-private/1">
    <editor-bookmarks xmlns="http://www.netbeans.org/ns/editor-bookmarks/2" lastBookmarkId="0"/>
    <open-files xmlns="http://www.netbeans.org/ns/projectui-open-files/2">
        <group>
            <file>file:/Users/shaqianqian/NetBeansProjects/PJB_SHA_MA/twitter_ma_sha/contenus_apres_temps.csv</file>
            <file>file:/Users/shaqianqian/NetBeansProjects/PJB_SHA_MA/twitter_ma_sha/contenus.csv</file>
            <file>file:/Users/shaqianqian/NetBeansProjects/PJB_SHA_MA/twitter_ma_sha/src/twitter_ma_sha/tableau.java</file>
        </group>
    </open-files>
</project-private>
